1.1 Which country are you from?,1.2 Please choose your gender,2. How old are you?,3. How long have you lived in your home country?(years),Age,B4. Indian culture - Can you estimate the importance of taboos in the Indian culture ? Please rate the value of each row [Religion (I. e critisize religion)],A1. Indian culture - Can you estimate the importance of the taboos in the Indian culture ? Please rate the value of each row [Religion (I. e critisize religion)],Calc,B4. Indian culture - Can you estimate the importance of taboos in the Indian culture ? Please rate the value of each row [Relationships between men and a women(I.e unmarried couple)],A1. Indian culture - Can you estimate the importance of the taboos in the Indian culture ? Please rate the value of each row [Relationships between men and a women(I.e unmarried couple)],Calc2,"B4. Indian culture - Can you estimate the importance of taboos in the Indian culture ? Please rate the value of each row [Food habits (I. e  eating cows, drinking alchohol and so on)]","A1. Indian culture - Can you estimate the importance of the taboos in the Indian culture ? Please rate the value of each row [Food habits (I. e  port meat or others, drinking alchohol and so on)]",Calc3,"B4. Indian culture - Can you estimate the importance of taboos in the Indian culture ? Please rate the value of each row [Physical contact with the opposide gender(I. e touching other gender,)]","A1. Indian culture - Can you estimate the importance of the taboos in the Indian culture ? Please rate the value of each row [Physical contact with the opposide gender(I. e touching other gender,  looking to women with uncovered head)]",Calc4,B4. Indian culture - Can you estimate the importance of taboos in the Indian culture ? Please rate the value of each row [Avoid some kind of humour],A1. Indian culture - Can you estimate the importance of the taboos in the Indian culture ? Please rate the value of each row [Avoid some kind of humour],Calc5,"B4. Indian culture - Can you estimate the importance of taboos in the Indian culture ? Please rate the value of each row [Avoid negative comments or criticisms about a person’s ability, appearance or attributes]","A1. Indian culture - Can you estimate the importance of the taboos in the Indian culture ? Please rate the value of each row [Avoid negative comments or criticisms about a person’s ability, appearance or attributes]",Calc6,B4. Indian culture - Can you estimate the importance of taboos in the Indian culture ? Please rate the value of each row [embarrass a person in public],A1. Indian culture - Can you estimate the importance of the taboos in the Indian culture ? Please rate the value of each row [embarrass a person in public],Calc7,B4. Indian culture - Can you estimate the importance of taboos in the Indian culture ? Please rate the value of each row [Not to ask too many personal questions ],A1. Indian culture - Can you estimate the importance of the taboos in the Indian culture ? Please rate the value of each row [Not to ask too many personal question],Calc8,"B5. Indian culture - How likely is it for a person from Indian culture to use gestures(body language) to describe the fol2ing? Please rate the value of each row [Showing you are angry, upset or annoyed (I. e turn your back to someone, grab your hair )]","A2. Indian culture - How likely is it for a person from Indian culture to use gestures(body language) to describe the fol2ing? Please rate the value of each row [Showing you are angry, upset or annoyed (I. e turn your back to someone, grab your hair )]",Calc9,"B5. Indian culture - How likely is it for a person from Indian culture to use gestures(body language) to describe the fol2ing? Please rate the value of each row [Showing you thank people (I. e Hug a person with both hands,  hold the hand of someone with","A2. Indian culture - How likely is it for a person from Indian culture to use gestures(body language) to describe the fol2ing? Please rate the value of each row [Showing you thank people (I. e Hug a person with both hands,  hold the hand of someone with",Calc10,"B5. Indian culture - How likely is it for a person from Indian culture to use gestures(body language) to describe the fol2ing? Please rate the value of each row [Showing you disagree with someone (I. e turn the thumb down, hold your fist in front of som","A2. Indian culture - How likely is it for a person from Indian culture to use gestures(body language) to describe the fol2ing? Please rate the value of each row [Showing you disagree with someone (I. e turn the thumb down, hold your fist in front of som",Calc11,"B5. Indian culture - How likely is it for a person from Indian culture to use gestures(body language) to describe the fol2ing? Please rate the value of each row [Showing you agree with someone (I. e nod with your head, smile to someone )]","A2. Indian culture - How likely is it for a person from Indian culture to use gestures(body language) to describe the fol2ing? Please rate the value of each row [Showing you agree with someone (I. e nod with your head, smile to someone )]",Calc12,"B5. Indian culture - How likely is it for a person from Indian culture to use gestures(body language) to describe the fol2ing? Please rate the value of each row [Showing your surprise (I. e move your eyebrows upwards, open your mouth widely)]","A2. Indian culture - How likely is it for a person from Indian culture to use gestures(body language) to describe the fol2ing? Please rate the value of each row [Showing your surprise (I. e move your eyebrows upwards, open your mouth widely)]",Calc13,B5. Indian culture - How likely is it for a person from Indian culture to use gestures(body language) to describe the fol2ing? Please rate the value of each row [Express themselves with the head movement],A2. Indian culture - How likely is it for a person from Indian culture to use gestures(body language) to describe the fol2ing? Please rate the value of each row [Express themselves with the head movement],Calc14,"6. Please rate the fol2ing questions according to your opion  [Have you stayed for a long duration outside your home country (5= long, 1= short)]",6. Please rate the fol2ing questions according to your opion  [Do you see yourself working and communicating well in an international working environment? ],6. Please rate the fol2ing questions according to your opion  [Do you think it is important to learn the cultural background of co-workers to achieve better communication ],6. Please rate the fol2ing questions according to your opion  [Learning the intentions of a direct/indirect communication based on the culture background helps in an international team work],6. Please rate the fol2ing questions according to your opion  [Cultural background influence the teamwork],"6. Please rate the fol2ing questions according to your opion  [how do you think the communication in the Indian culture?(Direct = 5, Indirect= verly 2)]","6. Please rate the fol2ing questions according to your opion  [Do you that support the statement that cultural taboos/body lanugage lead to different message interpretation? (5= strongly, 1= not really) ]","6. Please rate the following questions according to your opion  [Do you think that the environment influences our behaviour in terms of body language/taboos(Work, university, leisure time) ]",7. How would you approach an international student with a language barrier?,Testing,"1. What are the cultural differences between your culture and the Indian culture? Please rate the value of each row (if you are Indian, What are the cultural differences between your culture and the one you were exposed to) [I was exposed to new taboos an","1. What are the cultural differences between your culture and the Indian culture? Please rate the value of each row (if you are Indian, What are the cultural differences between your culture and the one you were exposed to) [How useful was the questionare","1. What are the cultural differences between your culture and the Indian culture? Please rate the value of each row (if you are Indian, What are the cultural differences between your culture and the one you were exposed to) [The values of my culture are s",2. Does the exposure to new cultural body language and taboos help you change your attitude towards the people from the culture you examined? Please rate the value of each row [The knowledge I gain will help me be more sensitive to deal with students from,2. Does the exposure to new cultural body language and taboos help you change your attitude towards the people from the culture you examined? Please rate the value of each row [The situations presented to me will help me  communicate better and  corporate,"2. Does the exposure to new cultural body language and taboos help you change your attitude towards the people from the culture you examined? Please rate the value of each row [It has contributed to my understanding, to learn about differences between my ",3. What are the differences or similarities between your current residing country and India? Please rate the value of each row [The taboos examined are similar to the taboos in my culture],3. What are the differences or similarities between your current residing country and India? Please rate the value of each row [The body language I examined differ much from the body language I know],3. What are the differences or similarities between your current residing country and India? Please rate the value of each row [The body language in the culture examined is more expressive than in my own culture],3. What are the differences or similarities between your current residing country and India? Please rate the value of each row [There are 4er number of taboos than I know in my culture ],4. What can be improved according to your point of view to al2 a better interaction with foreign students?(One/more or optional answers),5. What can a wrong interpretation of the body language lead to? Please rate the value of each row [Misunderstanding],5. What can a wrong interpretation of the body language lead to? Please rate the value of each row [frustration],5. What can a wrong interpretation of the body language lead to? Please rate the value of each row [fear],5. What can a wrong interpretation of the body language lead to? Please rate the value of each row [Do not know the aim or will of a person],"6. Were you able to learn something about cultural taboos that you didn't know before, what for example?","7. Were you able to learn something about body language that you didn't know before, what for example?",Column15,Timestamp,Score,"1. Indian student is asked to present a report in class, nevertheless he is unprepared. What could the reaction of the Indian student be?","2. Two persons, one of them Indian meet each other for the first time. What are the conversation topics that should be considered to be avoided?",3. Why Indians do not discuss any issues about religion?,4. What might an Indian think about someone criticizing the Indian family structural concept ?,"5. How do Indians feel when someone criticizes their country, their rituals, politics or Indian habits?",6. Kashmir area is a Pakistani- Indian conflict zone. Is it appropriate to talk about it with an Indian?,7. What is a part of the working environment and also has influence on the working structure at the university?,You now completed 3/5 pages. Please continue to page 4/5,Body language,Timestamp2,Score3,1. Is it common to handshake women when presenting yourself in the Indian culture?,2. What does this head shake in the picture means?,3. What is a general manner in a group conversation?,"4. Eye contact – In a meeting between a student and a teacher, both keep permanent eye contact. What does that mean in Indian culture? ",5. Communication – How does an Indian converse with a foreign person?,6. A supervisor explains to an Indian student an unclear topic. Then he asks if the topic is now clear? ,7. A student wants to point another student out. What is the common way to do that?,You now completed 4/5 pages. Please continue to page 5/5,You now completed 3/5 pages. Please continue to page 4/5
Srilanka,Male,27-30,6,30,3,4,1,3,4,1,3,4,1,4,4,0,3,4,1,3,4,1,2,4,2,3,4,1,3,4,1,2,4,2,2,4,2,4,4,0,3,4,1,4,4,0,5,5,5,5,5,3,3,4,The international student will have to confront with the issue himself,,3,3,3,4,4,4,4,4,4,4,1,4,3,4,4,Yes,Yes,,7/13/2018 15:51:29,3 / 7,"A “No” is impolite, therefore answer as “I'll try” or “We'll see” are more expected",Talking about the indian food,They respect all religions as an integrated part of the country,"Insulted, since the family concept in India is secret and stands in 4 priority","Depends, with younger generation you can be more open about the topic",After getting into a good mood you can talk about everything,"Hierarchical working manner, the boss at work has the 4est priority, same reflects to relationship in the university between staff members as professors or other employees or students",Continue,,7/13/2018 15:53:25,4 / 7,Shaking hands with women  is not a common culture across India,"To confirm the other person you agree with him or ""yes""",They will laugh in a friendly way and will wait to express themselves about another topic,"A short eye contact is possible, a teacher is a respectful person and as such you should not stare at him","Indirect communication, they will answer question in a polite way",He will answer the supervisor’s immediate for his all questions,Point out with your chin since pointing finger is not polite,Continue,Continue
India,Female,23-26,24,25,4,4,0,4,4,0,4,3,-1,3,3,0,3,3,0,3,3,0,3,3,0,3,3,0,2,3,1,4,4,0,4,3,-1,4,3,-1,3,3,0,3,3,0,4,5,5,4,3,4,3,4,I will try to support him and to make efforts to understand his intentions,,3,3,4,3,3,3,2,2,3,3,1,4,4,3,4,"About Religion, food habits.","About head shake, students behaviour in class.",,7/15/2018 15:39:47,3 / 7,"A “No” is impolite, therefore answer as “I'll try” or “We'll see” are more expected",Personal matters or anything that might be considered overly intrusive,There are too many religions in India to talk about,None of the answers are correct,"Offended, Indians are proud of their country, legacy, traditions",After getting into a good mood you can talk about everything,"Hierarchical working manner, the boss at work has the 4est priority, same reflects to relationship in the university between staff members as professors or other employees or students",Continue,,7/15/2018 15:42:35,3 / 7,Shaking hands with women  is not a common culture across India,To tell the other person “lets go”,They do not mind to keep non politically correct guidelines and will talk straight forward,Eye contact is necessary to maintain a better understanding of the requirements needed,"Direct communication, people will tell you what they think directly","Some students may use their body to indicate that it is all clear to them, although they might not acknowledged everything",Point out with your chin since pointing finger is not polite,Continue,Continue
Tunesia,Male,over 30,20,32,2,3,1,3,2,-1,2,3,1,4,3,-1,3,2,-1,4,1,-3,3,2,-1,1,2,1,4,3,-1,3,2,-1,5,3,-2,4,2,-2,4,3,-1,5,3,-2,4,4,3,5,4,4,5,5,I will try to support him and to make efforts to understand his intentions,,5,2,2,3,4,2,3,3,3,2,1,3,2,3,3,TV,TV,,7/16/2018 10:08:47,0 / 7,Indians tend to give a long explanation before they give an answer instead of a clear answer.,Asking about differences between the languages in India and Pakistan,They believe in the concept of spirituality and no conflicts,"Laugh about it, since Indians are more work oriented than family oriented.","Depends, with younger generation you can be more open about the topic",None of the above,None of the fol2ing,Continue,,7/16/2018 10:09:37,3 / 7,There are no religious restrictions and in the Hindu religion doesn’t consider a bad manner,"To confirm the other person you agree with him or ""yes""",People express their opinion after another person finished talking. They will pay attention just if it is interested for them,Eye contact is necessary to maintain a better understanding of the requirements needed,"Indirect communication, but still a straightforward answers",He will answer the supervisor’s immediate for his all questions,Whistle in the ears the name of the other person,Continue,Continue
China,Male,27-30,23,28,4,4,0,5,4,-1,3,4,1,4,3,-1,3,4,1,4,4,0,4,3,-1,4,3,-1,3,4,1,4,4,0,3,3,0,4,4,0,3,4,1,4,4,0,4,4,4,4,3,4,4,4,It all depends on how I feel about the person,,4,4,3,4,4,3,4,4,3,3,1,3,3,4,3,/,/,,7/16/2018 10:51:20,4 / 7,"A “No” is impolite, therefore answer as “I'll try” or “We'll see” are more expected",Personal matters or anything that might be considered overly intrusive,They respect all religions as an integrated part of the country,"Insulted, since the family concept in India is secret and stands in 4 priority","Depends, with younger generation you can be more open about the topic",Try to avoid talking about it since it may lead to an emotional debate,"Working as individuals and not in a team work, each one is in charge of his own duties",Continue,,7/16/2018 11:15:44,3 / 7,There are no religious restrictions and in the Hindu religion doesn’t consider a bad manner,"To confirm the other person you agree with him or ""yes""",They will laugh in a friendly way and will wait to express themselves about another topic,Eye contact is necessary to maintain a better understanding of the requirements needed,"Indirect communication, they will answer question in a polite way","Some students may use their body to indicate that it is all clear to them, although they might not acknowledged everything",Whistle in the ears the name of the other person,Continue,Continue
Brasil,Male,over 30,4,38,5,5,0,5,4,-1,5,4,-1,4,4,0,4,3,-1,5,4,-1,4,4,0,5,3,-2,4,3,-1,4,3,-1,3,3,0,3,4,1,3,3,0,3,4,1,4,5,4,4,3,3,3,3,It all depends on how I feel about the person,,4,4,4,4,4,4,1,2,1,5,1,4,3,2,3,Hand shaking with women.,Corporal expressions.,,7/16/2018 13:57:36,3 / 7,"A “No” is impolite, therefore answer as “I'll try” or “We'll see” are more expected",Personal matters or anything that might be considered overly intrusive,They respect all religions as an integrated part of the country,None of the answers are correct,"Depends, with younger generation you can be more open about the topic",People would be happy to talk about it as long as you won’t criticize or will be diplomatic,"Hierarchical working manner, the boss at work has the 4est priority, same reflects to relationship in the university between staff members as professors or other employees or students",Continue,,7/16/2018 14:03:59,4 / 7,The society encourage women to handshake in order to be polite,"To confirm the other person you agree with him or ""yes""",People express their opinion after another person finished talking. They will pay attention just if it is interested for them,"A short eye contact is possible, a teacher is a respectful person and as such you should not stare at him","Indirect communication, they will answer question in a polite way","Some students may use their body to indicate that it is all clear to them, although they might not acknowledged everything",Point out with your chin since pointing finger is not polite,Continue,Continue
Germany,Male,23-26,25,26,4,4,0,4,4,0,3,4,1,3,4,1,3,4,1,4,4,0,4,4,0,4,4,0,3,2,-1,3,2,-1,2,2,0,5,4,-1,5,4,-1,5,5,0,3,5,5,5,4,2,4,4,It all depends on how I feel about the person,,3,2,2,3,3,4,3,3,3,3,3,4,4,3,4,Not really,Head shaking,,7/16/2018 16:44:58,3 / 7,Indians tend to always say “Yes” to avoid conflicts but can change their mind afterwards.,Personal matters or anything that might be considered overly intrusive,They respect all religions as an integrated part of the country,None of the answers are correct,"Depends, with younger generation you can be more open about the topic",After getting into a good mood you can talk about everything,None of the fol2ing,Continue,,7/16/2018 16:49:54,3 / 7,Shaking hands with women  is not a common culture across India,To tell the other person “lets go”,Indians will interrupt someone  during a conversation if they have something important to express,"A short eye contact is possible, a teacher is a respectful person and as such you should not stare at him","Indirect communication, they will answer question in a polite way","Some students may use their body to indicate that it is all clear to them, although they might not acknowledged everything",Point out with your chin since pointing finger is not polite,Continue,Continue
India,Male,27-30,23,27,3,3,0,4,4,0,2,2,0,3,1,-2,1,1,0,2,3,1,1,4,3,1,3,2,2,2,0,5,3,-2,3,2,-1,4,4,0,4,4,0,1,1,0,3,5,4,3,3,3,1,2,I will try to support him and to make efforts to understand his intentions,,5,3,1,3,1,5,2,5,5,4,2,4,3,3,3,"Yes, especially being indian.",Maybe.,,7/16/2018 17:20:35,1 / 7,"A “No” is impolite, therefore answer as “I'll try” or “We'll see” are more expected",Laughing about Indian movies,They respect all religions as an integrated part of the country,None of the answers are correct,"Depends, with younger generation you can be more open about the topic",Depends on an individual,None of the fol2ing,Continue,,7/16/2018 17:37:34,3 / 7,The society encourage women to handshake in order to be polite,the person who moves his head has pain in the neck,People express their opinion after another person finished talking. They will pay attention just if it is interested for them,Eye contact is necessary to maintain a better understanding of the requirements needed,"Direct communication, first  they will hear what you want to say and then will response directly",He will answer the supervisor’s immediate for his all questions,Point out with your chin since pointing finger is not polite,Continue,Continue
Germany,Male,23-26,23,23,4,4,0,4,4,0,4,4,0,4,4,0,3,4,1,3,4,1,4,4,0,4,4,0,4,5,1,5,5,0,4,5,1,5,5,0,5,5,0,4,4,0,2,4,4,5,4,3,4,4,I will try to support him and to make efforts to understand his intentions,,3,4,4,4,4,4,3,3,3,2,2,5,5,5,4,yes,yes,,7/16/2018 20:55:23,3 / 7,"A “No” is impolite, therefore answer as “I'll try” or “We'll see” are more expected",Personal matters or anything that might be considered overly intrusive,They respect all religions as an integrated part of the country,None of the answers are correct,"Depends, with younger generation you can be more open about the topic",People would be happy to talk about it as long as you won’t criticize or will be diplomatic,"Hierarchical working manner, the boss at work has the 4est priority, same reflects to relationship in the university between staff members as professors or other employees or students",Continue,,7/16/2018 20:58:15,4 / 7,Shaking hands with women  is not a common culture across India,"To confirm the other person you agree with him or ""yes""",They will laugh in a friendly way and will wait to express themselves about another topic,Eye contact is necessary to maintain a better understanding of the requirements needed,"Direct communication, first  they will hear what you want to say and then will response directly",Indians may answer some of the questions but the question late or maybe not at all.,Talk loudly the name of the other person,Continue,Continue
Russia,Female,27-30,15,31,2,3,1,5,4,-1,4,2,-2,4,5,1,2,2,0,3,4,1,4,5,1,2,4,2,4,4,0,5,3,-2,2,3,1,4,4,0,4,4,0,5,5,0,4,4,5,4,4,3,5,5,I will try to support him and to make efforts to understand his intentions,,5,4,2,4,4,4,2,4,4,2,3,5,4,4,3,Family,Handshaking,,7/17/2018 10:22:43,3 / 7,"A “No” is impolite, therefore answer as “I'll try” or “We'll see” are more expected",Personal matters or anything that might be considered overly intrusive,They respect all religions as an integrated part of the country,"accept it peacefully, the modernization of India influence people to neglect their family","Accepting, they see different points of view positively",People would be happy to talk about it as long as you won’t criticize or will be diplomatic,"Hierarchical working manner, the boss at work has the 4est priority, same reflects to relationship in the university between staff members as professors or other employees or students",Continue,,7/17/2018 10:25:26,4 / 7,The society encourage women to handshake in order to be polite,"To confirm the other person you agree with him or ""yes""",People express their opinion after another person finished talking. They will pay attention just if it is interested for them,Eye contact is necessary to maintain a better understanding of the requirements needed,"Direct communication, first  they will hear what you want to say and then will response directly",He will answer the supervisor’s immediate for his all questions,Point out with your chin since pointing finger is not polite,Continue,Continue
Bulgaria,Male,over 30,29,38,4,4,0,4,5,1,4,4,0,4,4,0,4,4,0,4,4,0,4,4,0,4,2,-2,4,2,-2,4,4,0,2,2,0,4,4,0,4,3,-1,4,4,0,4,5,4,4,4,3,4,4,I will try to support him and to make efforts to understand his intentions,,4,3,3,4,4,4,4,3,4,4,2,5,4,4,4,Nothing specific,Women in India shake hands rarely,,7/17/2018 11:06:54,1 / 7,"A “No” is impolite, therefore answer as “I'll try” or “We'll see” are more expected",Laughing about Indian movies,There are too many religions in India to talk about,"Insulted, since the family concept in India is secret and stands in 4 priority","Depends, with younger generation you can be more open about the topic",People would be happy to talk about it as long as you won’t criticize or will be diplomatic,"Working as individuals and not in a team work, each one is in charge of his own duties",Continue,,7/17/2018 11:13:34,5 / 7,Shaking hands with women  is not a common culture across India,"To confirm the other person you agree with him or ""yes""",They will laugh in a friendly way and will wait to express themselves about another topic,"A short eye contact is possible, a teacher is a respectful person and as such you should not stare at him","Indirect communication, they will answer question in a polite way",Indians may answer some of the questions but the question late or maybe not at all.,Point out with your chin since pointing finger is not polite,Continue,Continue
India,Male,27-30,25,27,4,4,0,3,3,0,3,3,0,2,2,0,3,3,0,4,4,0,5,4,-1,3,4,1,1,1,0,4,3,-1,2,2,0,5,4,-1,5,4,-1,4,4,0,3,4,4,3,4,4,2,5,I will try to support him and to make efforts to understand his intentions,,3,2,3,3,3,3,2,3,3,3,3,4,1,1,3,"yes, handshake",NO,,7/17/2018 15:35:48,3 / 7,"A “No” is impolite, therefore answer as “I'll try” or “We'll see” are more expected",Personal matters or anything that might be considered overly intrusive,They respect all religions as an integrated part of the country,None of the answers are correct,"Depends, with younger generation you can be more open about the topic",None of the above,"Hierarchical working manner, the boss at work has the 4est priority, same reflects to relationship in the university between staff members as professors or other employees or students",Continue,,7/17/2018 15:43:23,4 / 7,There are no religious restrictions and in the Hindu religion doesn’t consider a bad manner,"To confirm the other person you agree with him or ""yes""",People express their opinion after another person finished talking. They will pay attention just if it is interested for them,"A short eye contact is possible, a teacher is a respectful person and as such you should not stare at him","Indirect communication, they will answer question in a polite way",Indians may answer some of the questions but the question late or maybe not at all.,Talk loudly the name of the other person,Continue,Continue
Germany,Male,23-26,22,24,4,4,0,5,5,0,5,4,-1,5,4,-1,3,3,0,2,4,2,2,4,2,1,5,4,3,5,2,4,2,-2,4,3,-1,5,5,0,4,4,0,5,4,-1,4,4,5,4,5,4,4,4,It all depends on how I feel about the person,,4,4,3,4,4,5,3,4,4,4,1,4,3,2,4,extremely hierarchical structure of society in terms of business ,Moving the head means ‘yes’,,7/17/2018 16:41:09,5 / 7,Indians tend to always say “Yes” to avoid conflicts but can change their mind afterwards.,Personal matters or anything that might be considered overly intrusive,They believe in the concept of spirituality and no conflicts,"Insulted, since the family concept in India is secret and stands in 4 priority","Offended, Indians are proud of their country, legacy, traditions",After getting into a good mood you can talk about everything,"Hierarchical working manner, the boss at work has the 4est priority, same reflects to relationship in the university between staff members as professors or other employees or students",Continue,,7/17/2018 16:43:52,4 / 7,Shaking hands with women  is not a common culture across India,"To confirm the other person you agree with him or ""yes""",Indians will interrupt someone  during a conversation if they have something important to express,"A short eye contact is possible, a teacher is a respectful person and as such you should not stare at him","Indirect communication, they will answer question in a polite way","Some students may use their body to indicate that it is all clear to them, although they might not acknowledged everything",Point out with your chin since pointing finger is not polite,Continue,Continue
Greece,Male,27-30,13,28,2,3,1,4,3,-1,4,3,-1,5,3,-2,2,3,1,2,3,1,4,3,-1,1,3,2,3,2,-1,4,4,0,2,2,0,3,4,1,4,3,-1,5,3,-2,4,4,3,3,4,4,2,5,I will try to support him and to make efforts to understand his intentions,,4,4,1,4,4,4,2,4,2,4,2,3,4,1,4,Shaking hands with women is uncommon,Moving the head left and right mean Yes (I agree),,7/18/2018 11:58:37,1 / 7,"A “No” is impolite, therefore answer as “I'll try” or “We'll see” are more expected",Personal matters or anything that might be considered overly intrusive,There are too many religions in India to talk about,"accept it peacefully, the modernization of India influence people to neglect their family","Accepting, they see different points of view positively",People would be happy to talk about it as long as you won’t criticize or will be diplomatic,"Working as individuals and not in a team work, each one is in charge of his own duties",Continue,,7/18/2018 12:03:47,3 / 7,There are no religious restrictions and in the Hindu religion doesn’t consider a bad manner,The person who moves his head jokes about his friend,People express their opinion after another person finished talking. They will pay attention just if it is interested for them,"A short eye contact is possible, a teacher is a respectful person and as such you should not stare at him","Indirect communication, they will answer question in a polite way","Some students may use their body to indicate that it is all clear to them, although they might not acknowledged everything",Point out with your chin since pointing finger is not polite,Continue,Continue
Syria,Male,over 30,26,31,5,4,-1,2,3,1,5,3,-2,3,3,0,3,3,0,3,3,0,3,3,0,3,3,0,3,3,0,3,2,-1,3,2,-1,3,3,0,3,2,-1,3,3,0,3,3,4,3,3,1,5,5,It all depends on how I feel about the person,,2,3,2,4,4,4,2,3,4,4,2,4,2,2,5,eating specific meat ,yes and no in other body language countries,,7/19/2018 16:49:22,2 / 7,Indians tend to give a long explanation before they give an answer instead of a clear answer.,Personal matters or anything that might be considered overly intrusive,There are too many religions in India to talk about,"accept it peacefully, the modernization of India influence people to neglect their family","Depends, with younger generation you can be more open about the topic",Try to avoid talking about it since it may lead to an emotional debate,"Working as individuals and not in a team work, each one is in charge of his own duties",Continue,,7/19/2018 16:52:40,2 / 7,There are no religious restrictions and in the Hindu religion doesn’t consider a bad manner,"To confirm the other person you agree with him or ""yes""",Indians will interrupt someone  during a conversation if they have something important to express,Eye contact is necessary to maintain a better understanding of the requirements needed,"Direct communication, people will tell you what they think directly","Some students may use their body to indicate that it is all clear to them, although they might not acknowledged everything",Talk loudly the name of the other person,Continue,Continue
Germany,Male,27-30,30,31,4,5,1,4,5,1,4,4,0,4,4,0,3,3,0,2,3,1,1,3,2,1,1,0,1,1,0,1,4,3,1,2,1,2,4,2,3,3,0,3,4,1,2,5,2,2,1,2,5,5,It all depends on how I feel about the person,,3,2,1,1,1,3,1,5,2,5,3,4,1,2,3,talking about language differences between India and Pakistan,nodding the head,,7/20/2018 0:42:28,0 / 7,None of them is correct,Asking about differences between the languages in India and Pakistan,They believe in the concept of spirituality and no conflicts,None of the answers are correct,"Depends, with younger generation you can be more open about the topic",After getting into a good mood you can talk about everything,None of the fol2ing,Continue,,7/20/2018 0:45:27,2 / 7,The society encourage women to handshake in order to be polite,"To confirm the other person you agree with him or ""yes""",They will laugh in a friendly way and will wait to express themselves about another topic,Eye contact is necessary to maintain a better understanding of the requirements needed,"Indirect communication, but still a straightforward answers","Some students may use their body to indicate that it is all clear to them, although they might not acknowledged everything",Talk loudly the name of the other person,Continue,Continue
India,Male,over 30,27,31,4,4,0,4,4,0,4,3,-1,3,2,-1,3,2,-1,3,3,0,2,2,0,2,2,0,2,2,0,3,3,0,4,4,0,4,4,0,3,3,0,4,4,0,2,4,4,4,4,3,4,4,It all depends on how I feel about the person,,4,3,2,3,4,4,2,3,2,3,1,4,4,4,4,no,no,,7/20/2018 16:08:33,3 / 7,None of them is correct,Asking about differences between the languages in India and Pakistan,They respect all religions as an integrated part of the country,"Insulted, since the family concept in India is secret and stands in 4 priority","Offended, Indians are proud of their country, legacy, traditions",People would be happy to talk about it as long as you won’t criticize or will be diplomatic,None of the fol2ing,Continue,,7/20/2018 16:12:12,2 / 7,Shaking hands with women  is not a common culture across India,To tell the other person “lets go”,Indians will interrupt someone  during a conversation if they have something important to express,"People do not tend to pay attention to eye contact, it is just a minor issue","Indirect communication, they will answer question in a polite way","Some students may use their body to indicate that it is all clear to them, although they might not acknowledged everything",Point out simply with the fingers,Continue,Continue
Pakistan ,Male,27-30,20,27,5,5,0,4,4,0,5,4,-1,4,5,1,3,4,1,3,2,-1,4,2,-2,4,2,-2,3,1,-2,2,2,0,3,2,-1,5,5,0,5,5,0,5,5,0,3,4,3,4,4,2,4,4,I will try to support him and to make efforts to understand his intentions,,1,2,4,3,2,2,5,4,2,3,2,4,4,2,5,"No, I already knew about these cultural taboos as they are in my culture already ",No I am already aware of those things ,,7/20/2018 22:45:58,3 / 7,"A “No” is impolite, therefore answer as “I'll try” or “We'll see” are more expected",Laughing about Indian movies,There are too many religions in India to talk about,"Insulted, since the family concept in India is secret and stands in 4 priority","Depends, with younger generation you can be more open about the topic",Try to avoid talking about it since it may lead to an emotional debate,"Hierarchical working manner, the boss at work has the 4est priority, same reflects to relationship in the university between staff members as professors or other employees or students",Continue,,7/20/2018 22:51:21,2 / 7,Shaking hands with women  is not a common culture across India,"To confirm the other person you agree with him or ""yes""",They do not mind to keep non politically correct guidelines and will talk straight forward,"People do not tend to pay attention to eye contact, it is just a minor issue","Direct communication, first  they will hear what you want to say and then will response directly","Some students may use their body to indicate that it is all clear to them, although they might not acknowledged everything",Whistle in the ears the name of the other person,Continue,Continue
India,Male,27-30,24,29,4,2,-2,5,3,-2,4,3,-1,5,3,-2,4,3,-1,4,4,0,4,4,0,4,4,0,5,2,-3,5,3,-2,3,3,0,4,5,1,4,3,-1,5,4,-1,3,4,4,4,4,4,4,4,It all depends on how I feel about the person,,3,4,3,4,4,4,4,4,4,4,2,4,3,2,4,nothing significant,Yes,,7/20/2018 23:18:43,3 / 7,"A “No” is impolite, therefore answer as “I'll try” or “We'll see” are more expected",Personal matters or anything that might be considered overly intrusive,They focus more on work than the religion,"Insulted, since the family concept in India is secret and stands in 4 priority","Depends, with younger generation you can be more open about the topic",Try to avoid talking about it since it may lead to an emotional debate,Finding solutions for issues without consulting the others,Continue,,7/20/2018 23:22:28,2 / 7,There are no religious restrictions and in the Hindu religion doesn’t consider a bad manner,"To confirm the other person you agree with him or ""yes""",They do not mind to keep non politically correct guidelines and will talk straight forward,"People do not tend to pay attention to eye contact, it is just a minor issue","Direct communication, first  they will hear what you want to say and then will response directly",Indians may answer some of the questions but the question late or maybe not at all.,Point out simply with the fingers,Continue,Continue
Ecuador,Male,23-26,19,26,5,1,-4,5,1,-4,5,1,-4,5,1,-4,5,1,-4,5,1,-4,5,1,-4,5,1,-4,5,3,-2,5,3,-2,5,3,-2,5,3,-2,5,3,-2,5,3,-2,5,4,5,5,5,5,5,5,It all depends on how I feel about the person,,1,1,1,1,1,1,1,1,1,1,5,5,4,4,5,"No, since I view every person as an individual and try to not categorize beforehand in accordance to the origin (country, nationality) of the person.",No.,,7/21/2018 1:33:42,1 / 7,None of them is correct,Personal matters or anything that might be considered overly intrusive,They focus more on work than the religion,None of the answers are correct,"Depends, with younger generation you can be more open about the topic",None of the above,None of the fol2ing,Continue,,7/21/2018 1:36:39,3 / 7,There are no religious restrictions and in the Hindu religion doesn’t consider a bad manner,"To confirm the other person you agree with him or ""yes""",Indians will interrupt someone  during a conversation if they have something important to express,Eye contact is necessary to maintain a better understanding of the requirements needed,"Indirect communication, but still a straightforward answers",None of the above,Point out with your chin since pointing finger is not polite,Continue,Continue
Curacao,Male,over 30,19,35,5,5,0,5,5,0,5,5,0,5,5,0,3,5,2,3,5,2,5,5,0,3,5,2,3,1,-2,3,1,-2,3,1,-2,5,1,-4,5,1,-4,5,5,0,5,4,5,5,5,5,5,5,It all depends on how I feel about the person,,5,1,1,4,3,4,1,5,1,1,1,5,5,5,5,no,chin pointing,,7/21/2018 12:08:47,5 / 7,Indians tend to give a long explanation before they give an answer instead of a clear answer.,Personal matters or anything that might be considered overly intrusive,They focus more on work than the religion,"Insulted, since the family concept in India is secret and stands in 4 priority","Offended, Indians are proud of their country, legacy, traditions",Try to avoid talking about it since it may lead to an emotional debate,"Hierarchical working manner, the boss at work has the 4est priority, same reflects to relationship in the university between staff members as professors or other employees or students",Continue,,7/21/2018 12:13:42,2 / 7,There are no religious restrictions and in the Hindu religion doesn’t consider a bad manner,To tell the other person “lets go”,They will laugh in a friendly way and will wait to express themselves about another topic,Eye contact is necessary to maintain a better understanding of the requirements needed,"Indirect communication, they will answer question in a polite way","Some students may use their body to indicate that it is all clear to them, although they might not acknowledged everything",Whistle in the ears the name of the other person,Continue,Continue
Germany,Male,over 30,35,28,4,5,1,5,5,0,5,4,-1,5,5,0,4,3,-1,4,5,1,2,4,2,4,5,1,2,4,2,4,3,-1,1,1,0,5,5,0,4,4,0,5,5,0,2,4,4,4,5,3,4,4,I will try to support him and to make efforts to understand his intentions,,4,4,1,4,3,4,2,5,4,4,1,4,3,3,4,Criticism about Indian country,"Eye contact, Pointing out with chin",,7/21/2018 22:07:48,6 / 7,Indians tend to always say “Yes” to avoid conflicts but can change their mind afterwards.,Personal matters or anything that might be considered overly intrusive,They respect all religions as an integrated part of the country,"Insulted, since the family concept in India is secret and stands in 4 priority","Depends, with younger generation you can be more open about the topic",Try to avoid talking about it since it may lead to an emotional debate,"Hierarchical working manner, the boss at work has the 4est priority, same reflects to relationship in the university between staff members as professors or other employees or students",Continue,,7/21/2018 22:14:46,4 / 7,Shaking hands with women  is not a common culture across India,"To confirm the other person you agree with him or ""yes""",People express their opinion after another person finished talking. They will pay attention just if it is interested for them,Eye contact is just important if there are is something important,"Indirect communication, they will answer question in a polite way","Some students may use their body to indicate that it is all clear to them, although they might not acknowledged everything",Whistle in the ears the name of the other person,Continue,Continue
Denemark,Male,27-30,19,27,2,4,2,2,4,2,2,3,1,4,3,-1,2,1,-1,2,3,1,2,3,1,2,3,1,5,4,-1,5,4,-1,5,3,-2,5,4,-1,5,4,-1,5,3,-2,5,5,5,5,5,1,5,5,It all depends on how I feel about the person,,4,3,2,4,3,3,2,3,3,4,3,4,4,3,4,No,No,,7/22/2018 1:58:16,3 / 7,"A “No” is impolite, therefore answer as “I'll try” or “We'll see” are more expected",Personal matters or anything that might be considered overly intrusive,There are too many religions in India to talk about,"Insulted, since the family concept in India is secret and stands in 4 priority",They are open about any kind of topic including criticizing their culutre,People would be happy to talk about it as long as you won’t criticize or will be diplomatic,"Hierarchical working manner, the boss at work has the 4est priority, same reflects to relationship in the university between staff members as professors or other employees or students",Continue,,7/22/2018 2:04:10,5 / 7,Shaking hands with women  is not a common culture across India,"To confirm the other person you agree with him or ""yes""",People express their opinion after another person finished talking. They will pay attention just if it is interested for them,"A short eye contact is possible, a teacher is a respectful person and as such you should not stare at him","Indirect communication, they will answer question in a polite way","Some students may use their body to indicate that it is all clear to them, although they might not acknowledged everything",Point out with your chin since pointing finger is not polite,Continue,Continue
India,Male,over 30,26,31,3,3,0,4,4,0,2,2,0,4,4,0,3,3,0,1,2,1,2,3,1,2,3,1,3,3,0,4,4,0,3,3,0,4,4,0,4,4,0,5,4,-1,3,4,3,4,4,2,3,3,It all depends on how I feel about the person,,4,2,2,4,4,4,2,2,2,2,2,4,3,2,4,Indians reflect in their own personal space. Asking for answers / questions right away usually elicits disingenuous responses. ,The head nod is a 'Yes',,7/22/2018 10:21:15,3 / 7,Indians tend to always say “Yes” to avoid conflicts but can change their mind afterwards.,Talking about the indian food,They respect all religions as an integrated part of the country,"accept it peacefully, the modernization of India influence people to neglect their family",They are open about any kind of topic including criticizing their culutre,After getting into a good mood you can talk about everything,"Hierarchical working manner, the boss at work has the 4est priority, same reflects to relationship in the university between staff members as professors or other employees or students",Continue,,7/22/2018 10:23:31,3 / 7,Shaking hands with women  is not a common culture across India,"To confirm the other person you agree with him or ""yes""",Indians will interrupt someone  during a conversation if they have something important to express,"A short eye contact is possible, a teacher is a respectful person and as such you should not stare at him","Indirect communication, they will answer question in a polite way",None of the above,Point out simply with the fingers,Continue,Continue
India,Female,23-26,6,26,5,5,0,5,5,0,4,4,0,5,5,0,4,4,0,5,5,0,5,5,0,5,5,0,5,5,0,5,5,0,5,5,0,5,5,0,5,5,0,5,5,0,3,5,2,3,3,5,5,4,I will try to support him and to make efforts to understand his intentions,,2,2,1,2,2,2,2,1,1,1,1,2,2,2,2,Nothing,Nothing,,7/22/2018 10:55:36,2 / 7,Indians tend to give a long explanation before they give an answer instead of a clear answer.,Personal matters or anything that might be considered overly intrusive,There are too many religions in India to talk about,"accept it peacefully, the modernization of India influence people to neglect their family","Depends, with younger generation you can be more open about the topic",None of the above,"Hierarchical working manner, the boss at work has the 4est priority, same reflects to relationship in the university between staff members as professors or other employees or students",Continue,,7/22/2018 10:59:50,2 / 7,Shaking hands with women  is not a common culture across India,"To confirm the other person you agree with him or ""yes""",They will laugh in a friendly way and will wait to express themselves about another topic,"People do not tend to pay attention to eye contact, it is just a minor issue","Direct communication, first  they will hear what you want to say and then will response directly",He will answer the supervisor’s immediate for his all questions,Point out simply with the fingers,Continue,Continue
India,Male,27-30,24,27,4,5,1,4,5,1,5,4,-1,4,5,1,3,4,1,3,5,2,3,5,2,3,5,2,3,5,2,4,5,1,3,5,2,5,5,0,5,5,0,5,5,0,4,4,4,4,4,3,4,4,I will try to support him and to make efforts to understand his intentions,,2,2,1,2,2,2,2,1,1,1,1,2,2,2,2,Nothing,Nothing,,7/22/2018 11:01:57,2 / 7,Indians tend to give a long explanation before they give an answer instead of a clear answer.,Personal matters or anything that might be considered overly intrusive,There are too many religions in India to talk about,"accept it peacefully, the modernization of India influence people to neglect their family","Depends, with younger generation you can be more open about the topic",None of the above,"Hierarchical working manner, the boss at work has the 4est priority, same reflects to relationship in the university between staff members as professors or other employees or students",Continue,,7/22/2018 11:04:55,2 / 7,Shaking hands with women  is not a common culture across India,"To confirm the other person you agree with him or ""yes""",They will laugh in a friendly way and will wait to express themselves about another topic,"People do not tend to pay attention to eye contact, it is just a minor issue","Direct communication, people will tell you what they think directly",He will answer the supervisor’s immediate for his all questions,Point out simply with the fingers,Continue,Continue
India,Female,23-26,6,26,5,4,-1,5,4,-1,4,4,0,5,4,-1,4,3,-1,4,3,-1,5,3,-2,5,3,-2,5,3,-2,5,4,-1,5,3,-2,5,4,-1,5,4,-1,5,4,-1,3,4,2,2,2,2,2,2,I will try to support him and to make efforts to understand his intentions,,3,3,3,4,4,4,2,4,2,2,1,4,4,4,4,No,Body languages are not extensively used in the current residing country.,,7/22/2018 11:05:57,3 / 7,Indians tend to give a long explanation before they give an answer instead of a clear answer.,Personal matters or anything that might be considered overly intrusive,They respect all religions as an integrated part of the country,"accept it peacefully, the modernization of India influence people to neglect their family","Depends, with younger generation you can be more open about the topic",People would be happy to talk about it as long as you won’t criticize or will be diplomatic,"Hierarchical working manner, the boss at work has the 4est priority, same reflects to relationship in the university between staff members as professors or other employees or students",Continue,,7/22/2018 11:11:35,3 / 7,There are no religious restrictions and in the Hindu religion doesn’t consider a bad manner,"To confirm the other person you agree with him or ""yes""",People express their opinion after another person finished talking. They will pay attention just if it is interested for them,Eye contact is necessary to maintain a better understanding of the requirements needed,"Direct communication, people will tell you what they think directly","Some students may use their body to indicate that it is all clear to them, although they might not acknowledged everything",Point out simply with the fingers,Continue,Continue
Afghanistan,Male,27-30,8,28,5,5,0,5,5,0,3,4,1,3,5,2,2,5,3,4,5,1,5,5,0,4,5,1,5,5,0,5,5,0,5,3,-2,5,5,0,5,5,0,5,5,0,5,5,5,5,5,3,4,4,It all depends on how I feel about the person,,3,4,4,5,5,5,2,4,5,2,1,5,5,5,5,I overestimate my Knowledge about Indian cultural on General. ,Head shake,,7/22/2018 11:25:43,3 / 7,Indians tend to always say “Yes” to avoid conflicts but can change their mind afterwards.,Personal matters or anything that might be considered overly intrusive,They believe in the concept of spirituality and no conflicts,None of the answers are correct,They are open about any kind of topic including criticizing their culutre,After getting into a good mood you can talk about everything,"Hierarchical working manner, the boss at work has the 4est priority, same reflects to relationship in the university between staff members as professors or other employees or students",Continue,,7/22/2018 11:30:59,2 / 7,Shaking hands with women  is not a common culture across India,To tell the other person “lets go”,Indians will interrupt someone  during a conversation if they have something important to express,"People do not tend to pay attention to eye contact, it is just a minor issue","Indirect communication, they will answer question in a polite way","Some students may use their body to indicate that it is all clear to them, although they might not acknowledged everything",Talk loudly the name of the other person,Continue,Continue
India,Male,23-26,22,26,3,4,1,4,4,0,4,4,0,4,4,0,2,3,1,2,4,2,2,4,2,2,4,2,5,3,-2,4,3,-1,3,3,0,5,4,-1,5,4,-1,5,4,-1,4,4,5,5,5,3,5,4,I will try to support him and to make efforts to understand his intentions,,5,4,3,4,4,4,3,3,3,3,1,5,5,5,5,small talk is not a part of german culture,too much smiling is frowned upon,,7/22/2018 15:30:25,3 / 7,Indians tend to give a long explanation before they give an answer instead of a clear answer.,Personal matters or anything that might be considered overly intrusive,They respect all religions as an integrated part of the country,None of the answers are correct,"Accepting, they see different points of view positively",People would be happy to talk about it as long as you won’t criticize or will be diplomatic,"Hierarchical working manner, the boss at work has the 4est priority, same reflects to relationship in the university between staff members as professors or other employees or students",Continue,,7/22/2018 15:33:20,2 / 7,Shaking hands with women  is not a common culture across India,"To confirm the other person you agree with him or ""yes""",Indians will interrupt someone  during a conversation if they have something important to express,"A short eye contact is possible, a teacher is a respectful person and as such you should not stare at him","Indirect communication, but still a straightforward answers","Some students may use their body to indicate that it is all clear to them, although they might not acknowledged everything",Talk loudly the name of the other person,Continue,Continue
Germany,Male,over 30,32,33,5,5,0,5,5,0,3,4,1,4,4,0,3,1,-2,5,4,-1,3,4,1,5,4,-1,5,5,0,5,5,0,4,3,-1,4,5,1,4,4,0,5,5,0,4,5,3,3,4,4,5,5,The international student will have to confront with the issue himself,,4,4,4,4,4,4,2,2,2,2,2,5,5,3,5,Respecting others,Pointing with fingers aren’t an offensive sign.,,7/22/2018 18:44:10,6 / 7,Indians tend to always say “Yes” to avoid conflicts but can change their mind afterwards.,Personal matters or anything that might be considered overly intrusive,They respect all religions as an integrated part of the country,"Insulted, since the family concept in India is secret and stands in 4 priority","Offended, Indians are proud of their country, legacy, traditions",Try to avoid talking about it since it may lead to an emotional debate,"Working as individuals and not in a team work, each one is in charge of his own duties",Continue,,7/22/2018 18:50:05,3 / 7,Shaking hands with women  is not a common culture across India,To tell the other person “lets go”,Indians will interrupt someone  during a conversation if they have something important to express,Eye contact is necessary to maintain a better understanding of the requirements needed,"Indirect communication, they will answer question in a polite way","Some students may use their body to indicate that it is all clear to them, although they might not acknowledged everything",Point out simply with the fingers,Continue,Continue
Nederlands,Male,over 30,8,37,1,1,0,2,2,0,2,2,0,2,3,1,1,1,0,2,1,-1,1,3,2,1,2,1,2,3,1,2,1,-1,4,4,0,5,5,0,5,4,-1,5,5,0,5,5,5,5,5,2,5,5,I will try to support him and to make efforts to understand his intentions,,4,4,1,4,4,4,1,4,1,5,1,4,2,3,4,Kashmir,"No, I experienced through working with Indians earlier in my life. It is funny. I like indians. ",,7/22/2018 22:17:13,1 / 7,"A “No” is impolite, therefore answer as “I'll try” or “We'll see” are more expected",Talking about the indian food,There are too many religions in India to talk about,"Laugh about it, since Indians are more work oriented than family oriented.",They are open about any kind of topic including criticizing their culutre,I don‘t know what Kashmir is. ,"Hierarchical working manner, the boss at work has the 4est priority, same reflects to relationship in the university between staff members as professors or other employees or students",Continue,,7/22/2018 22:25:37,6 / 7,Shaking hands with women  is not a common culture across India,"To confirm the other person you agree with him or ""yes""",People express their opinion after another person finished talking. They will pay attention just if it is interested for them,Eye contact is necessary to maintain a better understanding of the requirements needed,"Indirect communication, but still a straightforward answers",Indians may answer some of the questions but the question late or maybe not at all.,Point out with your chin since pointing finger is not polite,Continue,Continue
Iran,Male,over 30,27,20,3,5,2,3,4,1,4,4,0,3,4,1,5,5,0,5,4,-1,5,4,-1,4,4,0,5,3,-2,5,4,-1,4,2,-2,5,5,0,5,2,-3,5,2,-3,4,4,4,5,5,1,5,4,The international student will have to confront with the issue himself,,3,4,4,5,4,4,2,2,3,5,3,5,3,2,4,I have not a idee,finger signtion,,7/23/2018 11:28:46,3 / 7,Indians tend to always say “Yes” to avoid conflicts but can change their mind afterwards.,Talking about the indian food,There are too many religions in India to talk about,"Insulted, since the family concept in India is secret and stands in 4 priority","Offended, Indians are proud of their country, legacy, traditions",People would be happy to talk about it as long as you won’t criticize or will be diplomatic,Finding solutions for issues without consulting the others,Continue,,7/23/2018 11:32:15,4 / 7,The society encourage women to handshake in order to be polite,"To confirm the other person you agree with him or ""yes""",They will laugh in a friendly way and will wait to express themselves about another topic,Eye contact is necessary to maintain a better understanding of the requirements needed,"Indirect communication, they will answer question in a polite way",He will answer the supervisor’s immediate for his all questions,Point out with your chin since pointing finger is not polite,Continue,Continue
Germany,Male,23-26,24,24,5,3,-2,5,3,-2,5,3,-2,3,3,0,2,3,1,4,3,-1,4,3,-1,1,3,2,2,3,1,1,3,2,2,3,1,4,3,-1,4,3,-1,3,3,0,3,4,4,4,4,1,5,5,The international student will have to confront with the issue himself,,4,4,4,3,2,2,3,3,4,3,3,5,5,3,5,No,No,,7/23/2018 15:28:46,5 / 7,Indians tend to give a long explanation before they give an answer instead of a clear answer.,Asking about differences between the languages in India and Pakistan,They respect all religions as an integrated part of the country,"Insulted, since the family concept in India is secret and stands in 4 priority","Offended, Indians are proud of their country, legacy, traditions",Try to avoid talking about it since it may lead to an emotional debate,"Hierarchical working manner, the boss at work has the 4est priority, same reflects to relationship in the university between staff members as professors or other employees or students",Continue,,7/23/2018 15:31:04,2 / 7,The society encourage women to handshake in order to be polite,"To confirm the other person you agree with him or ""yes""",Indians will interrupt someone  during a conversation if they have something important to express,"People do not tend to pay attention to eye contact, it is just a minor issue","Indirect communication, they will answer question in a polite way",None of the above,Point out simply with the fingers,Continue,Continue
Ukraine,Male,18-22,6,23,5,3,-2,3,4,1,5,4,-1,3,4,1,4,3,-1,5,4,-1,5,4,-1,4,4,0,3,5,2,5,5,0,5,2,-3,5,5,0,5,2,-3,5,3,-2,5,4,5,5,5,2,5,5,I will try to support him and to make efforts to understand his intentions,,4,3,2,4,4,4,2,3,5,5,2,5,4,5,4,Shaking head,Shaking head,,7/23/2018 18:30:55,2 / 7,"A “No” is impolite, therefore answer as “I'll try” or “We'll see” are more expected",Asking about differences between the languages in India and Pakistan,They respect all religions as an integrated part of the country,"accept it peacefully, the modernization of India influence people to neglect their family",They are open about any kind of topic including criticizing their culutre,People would be happy to talk about it as long as you won’t criticize or will be diplomatic,"Hierarchical working manner, the boss at work has the 4est priority, same reflects to relationship in the university between staff members as professors or other employees or students",Continue,,7/23/2018 18:40:32,6 / 7,Shaking hands with women  is not a common culture across India,"To confirm the other person you agree with him or ""yes""",People express their opinion after another person finished talking. They will pay attention just if it is interested for them,Eye contact is necessary to maintain a better understanding of the requirements needed,"Indirect communication, they will answer question in a polite way","Some students may use their body to indicate that it is all clear to them, although they might not acknowledged everything",Point out with your chin since pointing finger is not polite,Continue,Continue
Israel,Male,23-26,25,28,5,2,-3,5,4,-1,5,3,-2,3,2,-1,1,1,0,1,5,4,4,5,1,2,2,0,3,2,-1,5,4,-1,3,2,-1,5,4,-1,2,4,2,3,3,0,1,5,4,4,2,2,3,4,It all depends on how I feel about the person,,3,3,3,5,4,3,3,3,3,4,4,4,4,4,4,about politness ,about politness ,,7/24/2018 14:23:03,1 / 7,"A “No” is impolite, therefore answer as “I'll try” or “We'll see” are more expected",Laughing about Indian movies,They believe in the concept of spirituality and no conflicts,"Insulted, since the family concept in India is secret and stands in 4 priority","Depends, with younger generation you can be more open about the topic",None of the above,None of the fol2ing,Continue,,7/24/2018 14:24:44,2 / 7,There are no religious restrictions and in the Hindu religion doesn’t consider a bad manner,The person who moves his head jokes about his friend,They will laugh in a friendly way and will wait to express themselves about another topic,"A short eye contact is possible, a teacher is a respectful person and as such you should not stare at him","Indirect communication, they will answer question in a polite way",Indians may answer some of the questions but the question late or maybe not at all.,Talk loudly the name of the other person,Continue,Continue
Germany,Female,23-26,24,25,4,5,1,5,5,0,4,4,0,5,5,0,3,3,0,3,3,0,3,4,1,4,4,0,4,5,1,2,2,0,3,3,0,5,4,-1,4,3,-1,5,5,0,1,5,4,5,5,2,4,4,I will try to support him and to make efforts to understand his intentions,,2,4,3,5,5,5,1,2,4,4,1,5,3,3,5,Talking about the Indian-Pakistani Conflict,No,,7/25/2018 15:20:06,2 / 7,None of them is correct,Personal matters or anything that might be considered overly intrusive,There are too many religions in India to talk about,"Insulted, since the family concept in India is secret and stands in 4 priority","Depends, with younger generation you can be more open about the topic",People would be happy to talk about it as long as you won’t criticize or will be diplomatic,Finding solutions for issues without consulting the others,Continue,,7/25/2018 15:24:32,4 / 7,Shaking hands with women  is not a common culture across India,"To confirm the other person you agree with him or ""yes""",They will laugh in a friendly way and will wait to express themselves about another topic,"A short eye contact is possible, a teacher is a respectful person and as such you should not stare at him","Indirect communication, they will answer question in a polite way",None of the above,Point out with your chin since pointing finger is not polite,Continue,Continue
Tunesia,Male,over 30,16,27,3,3,0,3,4,1,3,4,1,3,3,0,1,3,2,1,3,2,3,3,0,2,4,2,4,2,-2,4,2,-2,4,3,-1,4,3,-1,4,4,0,5,5,0,5,5,5,5,4,3,3,3,I will try to support him and to make efforts to understand his intentions,,2,4,3,2,3,3,3,3,4,3,2,4,3,3,3,oui,how to point out a person in india,,7/25/2018 17:52:58,1 / 7,None of them is correct,Personal matters or anything that might be considered overly intrusive,There are too many religions in India to talk about,"Laugh about it, since Indians are more work oriented than family oriented.","Depends, with younger generation you can be more open about the topic",After getting into a good mood you can talk about everything,None of the fol2ing,Continue,,7/25/2018 17:58:49,3 / 7,There are no religious restrictions and in the Hindu religion doesn’t consider a bad manner,"To confirm the other person you agree with him or ""yes""",People express their opinion after another person finished talking. They will pay attention just if it is interested for them,Eye contact is necessary to maintain a better understanding of the requirements needed,"Direct communication, people will tell you what they think directly",He will answer the supervisor’s immediate for his all questions,Whistle in the ears the name of the other person,Continue,Continue
Iran,Male,over 30,28,34,4,4,0,5,4,-1,5,4,-1,4,5,1,4,5,1,4,4,0,3,5,2,2,3,1,4,4,0,4,5,1,4,1,-3,5,4,-1,4,5,1,5,4,-1,4,4,5,4,5,4,5,4,I will try to support him and to make efforts to understand his intentions,,3,3,4,5,4,5,4,2,4,4,2,5,2,2,4,The way of communication,The way of communication,,7/26/2018 8:43:40,1 / 7,"A “No” is impolite, therefore answer as “I'll try” or “We'll see” are more expected",Laughing about Indian movies,There are too many religions in India to talk about,"accept it peacefully, the modernization of India influence people to neglect their family","Depends, with younger generation you can be more open about the topic",After getting into a good mood you can talk about everything,"Hierarchical working manner, the boss at work has the 4est priority, same reflects to relationship in the university between staff members as professors or other employees or students",Continue,,7/26/2018 8:46:03,5 / 7,Shaking hands with women  is not a common culture across India,"To confirm the other person you agree with him or ""yes""",Indians will interrupt someone  during a conversation if they have something important to express,Eye contact is necessary to maintain a better understanding of the requirements needed,"Indirect communication, they will answer question in a polite way",Indians may answer some of the questions but the question late or maybe not at all.,Point out simply with the fingers,Continue,Continue
Ecuador,Male,over 30,30,33,5,4,-1,5,4,-1,4,5,1,5,5,0,1,2,1,4,4,0,4,4,0,4,5,1,4,4,0,5,5,0,3,2,-1,4,4,0,2,4,2,5,5,0,4,5,4,4,5,3,3,4,I will try to support him and to make efforts to understand his intentions,,4,3,2,5,4,4,1,3,4,5,3,5,2,1,4,traditional food,I understand why they move the head while talking,,7/26/2018 10:40:00,4 / 7,"A “No” is impolite, therefore answer as “I'll try” or “We'll see” are more expected",Personal matters or anything that might be considered overly intrusive,They respect all religions as an integrated part of the country,"Insulted, since the family concept in India is secret and stands in 4 priority","Depends, with younger generation you can be more open about the topic",Try to avoid talking about it since it may lead to an emotional debate,None of the fol2ing,Continue,,7/26/2018 10:45:41,5 / 7,Shaking hands with women  is not a common culture across India,"To confirm the other person you agree with him or ""yes""",People express their opinion after another person finished talking. They will pay attention just if it is interested for them,Eye contact is necessary to maintain a better understanding of the requirements needed,"Direct communication, first  they will hear what you want to say and then will response directly","Some students may use their body to indicate that it is all clear to them, although they might not acknowledged everything",Point out with your chin since pointing finger is not polite,Continue,Continue
India,Male,23-26,24,27,4,3,-1,3,2,-1,3,4,1,3,3,0,3,4,1,3,4,1,3,3,0,2,2,0,3,3,0,3,2,-1,2,3,1,4,4,0,4,3,-1,4,2,-2,3,4,3,3,2,3,3,3,I will try to support him and to make efforts to understand his intentions,,4,3,3,3,3,3,3,3,3,3,2,3,3,3,3,Not sure,I don't think so,,7/27/2018 14:26:19,2 / 7,Indians tend to give a long explanation before they give an answer instead of a clear answer.,Personal matters or anything that might be considered overly intrusive,They believe in the concept of spirituality and no conflicts,"accept it peacefully, the modernization of India influence people to neglect their family","Depends, with younger generation you can be more open about the topic",People would be happy to talk about it as long as you won’t criticize or will be diplomatic,"Hierarchical working manner, the boss at work has the 4est priority, same reflects to relationship in the university between staff members as professors or other employees or students",Continue,,7/27/2018 14:27:35,2 / 7,There are no religious restrictions and in the Hindu religion doesn’t consider a bad manner,To tell the other person “lets go”,They do not mind to keep non politically correct guidelines and will talk straight forward,"People do not tend to pay attention to eye contact, it is just a minor issue","Indirect communication, they will answer question in a polite way",He will answer the supervisor’s immediate for his all questions,Point out with your chin since pointing finger is not polite,Continue,Continue
Denemark,Male,27-30,19,27,3,4,1,3,2,-1,3,4,1,3,3,0,3,4,1,3,4,1,3,3,0,3,4,1,3,2,-1,3,4,1,3,3,0,3,4,1,3,4,1,3,3,0,3,3,3,3,3,3,3,3,It all depends on how I feel about the person,,5,3,2,5,3,4,5,4,5,3,1,4,1,4,3,Indian must have big chins if they can be used to point ,"Because Indians are pretty , they use the body more ",,7/27/2018 15:07:26,4 / 7,Indians tend to always say “Yes” to avoid conflicts but can change their mind afterwards.,Personal matters or anything that might be considered overly intrusive,They believe in the concept of spirituality and no conflicts,"Insulted, since the family concept in India is secret and stands in 4 priority","Offended, Indians are proud of their country, legacy, traditions",After getting into a good mood you can talk about everything,None of the fol2ing,Continue,,7/27/2018 15:10:42,4 / 7,Shaking hands with women  is not a common culture across India,"To confirm the other person you agree with him or ""yes""",They do not mind to keep non politically correct guidelines and will talk straight forward,Eye contact is necessary to maintain a better understanding of the requirements needed,"Direct communication, people will tell you what they think directly","Some students may use their body to indicate that it is all clear to them, although they might not acknowledged everything",Point out with your chin since pointing finger is not polite,Continue,Continue
Greece,Male,over 30,18,37,4,4,0,5,5,0,4,4,0,5,5,0,2,2,0,3,3,0,3,3,0,3,4,1,4,4,0,5,5,0,4,4,0,4,4,0,5,4,-1,5,5,0,5,5,5,5,3,4,3,3,I will try to support him and to make efforts to understand his intentions,,4,4,3,4,4,5,2,4,4,2,3,5,3,3,5,"No, since I have known many Indians for a long time","No, since I have known many Indians for a long time",,7/28/2018 9:45:29,2 / 7,"A “No” is impolite, therefore answer as “I'll try” or “We'll see” are more expected",Personal matters or anything that might be considered overly intrusive,They believe in the concept of spirituality and no conflicts,"Insulted, since the family concept in India is secret and stands in 4 priority","Accepting, they see different points of view positively",After getting into a good mood you can talk about everything,Finding solutions for issues without consulting the others,Continue,,7/28/2018 9:49:28,5 / 7,Shaking hands with women  is not a common culture across India,"To confirm the other person you agree with him or ""yes""",People express their opinion after another person finished talking. They will pay attention just if it is interested for them,Eye contact is necessary to maintain a better understanding of the requirements needed,"Indirect communication, but still a straightforward answers","Some students may use their body to indicate that it is all clear to them, although they might not acknowledged everything",Point out with your chin since pointing finger is not polite,Continue,Continue
Greece,Male,27-30,19,29,3,4,1,3,5,2,3,5,2,4,5,1,3,5,2,3,5,2,4,5,1,3,5,2,4,3,-1,4,3,-1,3,3,0,3,3,0,4,3,-1,4,3,-1,5,4,4,5,4,4,4,4,I will try to support him and to make efforts to understand his intentions,,4,4,3,4,4,4,2,2,2,3,1,5,4,4,4,Indian head shake,direct eye contact,,7/29/2018 12:37:45,4 / 7,"A “No” is impolite, therefore answer as “I'll try” or “We'll see” are more expected",Personal matters or anything that might be considered overly intrusive,They respect all religions as an integrated part of the country,"Insulted, since the family concept in India is secret and stands in 4 priority","Depends, with younger generation you can be more open about the topic",Try to avoid talking about it since it may lead to an emotional debate,Finding solutions for issues without consulting the others,Continue,,7/29/2018 12:42:25,4 / 7,Shaking hands with women  is not a common culture across India,"To confirm the other person you agree with him or ""yes""",People express their opinion after another person finished talking. They will pay attention just if it is interested for them,"A short eye contact is possible, a teacher is a respectful person and as such you should not stare at him","Indirect communication, they will answer question in a polite way","Some students may use their body to indicate that it is all clear to them, although they might not acknowledged everything",Talk loudly the name of the other person,Continue,Continue
India,Male,27-30,23,27,2,3,1,3,4,1,4,4,0,4,4,0,3,4,1,2,2,0,2,2,0,3,2,-1,3,2,-1,2,2,0,2,2,0,3,3,0,3,3,0,3,3,0,4,5,4,4,4,3,3,3,It all depends on how I feel about the person,,2,2,3,2,3,2,2,4,4,2,2,3,3,3,3,none,none,,7/29/2018 19:47:46,2 / 7,None of them is correct,Personal matters or anything that might be considered overly intrusive,They respect all religions as an integrated part of the country,"accept it peacefully, the modernization of India influence people to neglect their family","Accepting, they see different points of view positively",None of the above,None of the fol2ing,Continue,,7/29/2018 19:53:00,7 / 7,Shaking hands with women  is not a common culture across India,"To confirm the other person you agree with him or ""yes""",People express their opinion after another person finished talking. They will pay attention just if it is interested for them,Eye contact is necessary to maintain a better understanding of the requirements needed,"Indirect communication, they will answer question in a polite way",Indians may answer some of the questions but the question late or maybe not at all.,Point out with your chin since pointing finger is not polite,Continue,Continue
Kamerun,Male,27-30,26,29,3,5,2,1,2,1,1,3,2,2,3,1,5,2,-3,5,3,-2,4,1,-3,4,2,-2,1,4,3,2,2,0,4,4,0,1,1,0,2,2,0,2,1,-1,1,5,3,3,4,1,2,3,It all depends on how I feel about the person,,4,2,1,2,3,1,4,2,3,1,2,3,5,2,1,Yes,No,,7/29/2018 20:57:01,2 / 7,Indians tend to always say “Yes” to avoid conflicts but can change their mind afterwards.,Asking about differences between the languages in India and Pakistan,They respect all religions as an integrated part of the country,"Laugh about it, since Indians are more work oriented than family oriented.","Accepting, they see different points of view positively",People would be happy to talk about it as long as you won’t criticize or will be diplomatic,"Working as individuals and not in a team work, each one is in charge of his own duties",Continue,,7/29/2018 20:57:35,0 / 7,The society encourage women to handshake in order to be polite,The person who moves his head jokes about his friend,They will laugh in a friendly way and will wait to express themselves about another topic,"People do not tend to pay attention to eye contact, it is just a minor issue","Indirect communication, but still a straightforward answers",He will answer the supervisor’s immediate for his all questions,Talk loudly the name of the other person,Continue,Continue
Greece,Male,27-30,3,30,3,5,2,5,3,-2,5,5,0,3,4,1,4,3,-1,2,3,1,2,4,2,3,3,0,4,3,-1,5,3,-2,3,4,1,3,4,1,4,3,-1,3,4,1,5,3,4,5,4,2,3,4,It all depends on how I feel about the person,,3,4,2,3,4,3,3,4,3,4,1,5,5,3,4,About religion and workingplace,I dont think so,,7/29/2018 21:51:31,3 / 7,"A “No” is impolite, therefore answer as “I'll try” or “We'll see” are more expected",Asking about differences between the languages in India and Pakistan,They focus more on work than the religion,"accept it peacefully, the modernization of India influence people to neglect their family","Offended, Indians are proud of their country, legacy, traditions",Try to avoid talking about it since it may lead to an emotional debate,"Hierarchical working manner, the boss at work has the 4est priority, same reflects to relationship in the university between staff members as professors or other employees or students",Continue,,7/29/2018 21:53:21,2 / 7,Shaking hands with women  is not a common culture across India,"To confirm the other person you agree with him or ""yes""",Indians will interrupt someone  during a conversation if they have something important to express,Eye contact is just important if there are is something important,"Direct communication, first  they will hear what you want to say and then will response directly","Some students may use their body to indicate that it is all clear to them, although they might not acknowledged everything",Talk loudly the name of the other person,Continue,Continue
India,Male,over 30,26,33,3,3,0,5,1,-4,1,4,3,2,5,3,3,3,0,3,4,1,4,4,0,2,3,1,2,4,2,4,4,0,4,4,0,5,3,-2,5,3,-2,5,3,-2,3,3,5,5,5,4,5,5,I will try to support him and to make efforts to understand his intentions,,5,3,1,5,5,5,1,3,3,4,1,4,3,5,5,You should not eat Beef.,headshake.,,7/29/2018 22:50:33,3 / 7,Indians tend to give a long explanation before they give an answer instead of a clear answer.,Personal matters or anything that might be considered overly intrusive,They believe in the concept of spirituality and no conflicts,"accept it peacefully, the modernization of India influence people to neglect their family","Offended, Indians are proud of their country, legacy, traditions",People would be happy to talk about it as long as you won’t criticize or will be diplomatic,"Hierarchical working manner, the boss at work has the 4est priority, same reflects to relationship in the university between staff members as professors or other employees or students",Continue,,7/29/2018 22:54:56,2 / 7,Shaking hands with women  is not a common culture across India,"To confirm the other person you agree with him or ""yes""",Indians will interrupt someone  during a conversation if they have something important to express,"People do not tend to pay attention to eye contact, it is just a minor issue","Direct communication, first  they will hear what you want to say and then will response directly","Some students may use their body to indicate that it is all clear to them, although they might not acknowledged everything",Talk loudly the name of the other person,Continue,Continue
India,Female,27-30,26,28,3,3,0,3,3,0,3,3,0,3,3,0,3,3,0,3,3,0,3,3,0,3,3,0,3,3,0,3,3,0,3,3,0,3,3,0,3,3,0,3,3,0,4,4,4,4,4,4,4,4,I will try to support him and to make efforts to understand his intentions,,3,3,3,3,3,3,3,3,3,3,1,3,3,3,3,No,No,,7/30/2018 9:53:43,3 / 7,Indians tend to always say “Yes” to avoid conflicts but can change their mind afterwards.,Talking about the indian food,They respect all religions as an integrated part of the country,None of the answers are correct,"Depends, with younger generation you can be more open about the topic",None of the above,"Hierarchical working manner, the boss at work has the 4est priority, same reflects to relationship in the university between staff members as professors or other employees or students",Continue,,7/30/2018 9:57:05,2 / 7,There are no religious restrictions and in the Hindu religion doesn’t consider a bad manner,"To confirm the other person you agree with him or ""yes""",They do not mind to keep non politically correct guidelines and will talk straight forward,Eye contact is necessary to maintain a better understanding of the requirements needed,"Direct communication, people will tell you what they think directly",He will answer the supervisor’s immediate for his all questions,Point out simply with the fingers,Continue,Continue
India,Male,27-30,24,28,4,4,0,4,5,1,3,4,1,4,4,0,4,4,0,5,5,0,5,5,0,3,4,1,4,4,0,4,5,1,4,2,-2,4,4,0,4,5,1,5,5,0,2,4,5,5,3,2,5,3,I will try to support him and to make efforts to understand his intentions,,5,5,3,4,5,5,1,2,4,5,1,5,4,3,5,Was able to understand how modern India is shaping and the taboos are s2ly disappearing.,Nope,,7/30/2018 16:17:50,3 / 7,Indians tend to always say “Yes” to avoid conflicts but can change their mind afterwards.,Personal matters or anything that might be considered overly intrusive,They believe in the concept of spirituality and no conflicts,"Laugh about it, since Indians are more work oriented than family oriented.","Depends, with younger generation you can be more open about the topic",People would be happy to talk about it as long as you won’t criticize or will be diplomatic,"Hierarchical working manner, the boss at work has the 4est priority, same reflects to relationship in the university between staff members as professors or other employees or students",Continue,,7/30/2018 16:20:36,3 / 7,Shaking hands with women  is not a common culture across India,"To confirm the other person you agree with him or ""yes""",They do not mind to keep non politically correct guidelines and will talk straight forward,Eye contact is just important if there are is something important,"Indirect communication, they will answer question in a polite way","Some students may use their body to indicate that it is all clear to them, although they might not acknowledged everything",Whistle in the ears the name of the other person,Continue,Continue
Germany,Male,27-30,27,28,5,4,-1,5,5,0,3,3,0,4,5,1,2,4,2,2,3,1,5,5,0,2,5,3,2,1,-1,5,3,-2,2,1,-1,5,5,0,5,5,0,5,5,0,2,5,4,5,4,2,5,4,I will try to support him and to make efforts to understand his intentions,,3,3,1,5,5,5,2,4,4,4,2,5,5,4,5,Yes,Shaking Hands with women,,8/1/2018 18:59:17,3 / 7,"A “No” is impolite, therefore answer as “I'll try” or “We'll see” are more expected",Laughing about Indian movies,They believe in the concept of spirituality and no conflicts,"Insulted, since the family concept in India is secret and stands in 4 priority","Depends, with younger generation you can be more open about the topic",Try to avoid talking about it since it may lead to an emotional debate,"Hierarchical working manner, the boss at work has the 4est priority, same reflects to relationship in the university between staff members as professors or other employees or students",Continue,,8/1/2018 19:03:23,4 / 7,Shaking hands with women  is not a common culture across India,"To confirm the other person you agree with him or ""yes""",People express their opinion after another person finished talking. They will pay attention just if it is interested for them,"A short eye contact is possible, a teacher is a respectful person and as such you should not stare at him","Indirect communication, they will answer question in a polite way","Some students may use their body to indicate that it is all clear to them, although they might not acknowledged everything",Talk loudly the name of the other person,Continue,Continue
Tunesia,Male,over 30,20,31,5,3,-2,5,3,-2,5,4,-1,5,2,-3,3,5,2,3,4,1,5,5,0,1,2,1,5,5,0,4,3,-1,4,4,0,3,5,2,4,4,0,4,5,1,5,3,5,5,5,3,3,2,I will try to support him and to make efforts to understand his intentions,,4,4,2,4,3,3,4,3,3,3,1,3,3,3,3,the relation between men and woomen befor marriage,Head shake,,8/2/2018 20:43:28,3 / 7,Indians tend to always say “Yes” to avoid conflicts but can change their mind afterwards.,Laughing about Indian movies,There are too many religions in India to talk about,"accept it peacefully, the modernization of India influence people to neglect their family","Offended, Indians are proud of their country, legacy, traditions",Try to avoid talking about it since it may lead to an emotional debate,Finding solutions for issues without consulting the others,Continue,,8/2/2018 20:44:30,5 / 7,Shaking hands with women  is not a common culture across India,The person who moves his head jokes about his friend,People express their opinion after another person finished talking. They will pay attention just if it is interested for them,Eye contact is necessary to maintain a better understanding of the requirements needed,"Indirect communication, they will answer question in a polite way",He will answer the supervisor’s immediate for his all questions,Point out with your chin since pointing finger is not polite,Continue,Continue
Brazil,Male,23-26,21,25,5,5,0,3,5,2,5,5,0,3,5,2,2,3,1,4,4,0,4,5,1,2,5,3,1,2,1,5,4,-1,2,2,0,5,5,0,5,5,0,4,5,1,3,4,5,4,4,4,5,4,I will try to support him and to make efforts to understand his intentions,,5,5,3,4,4,5,2,3,4,3,1,4,4,3,3,"Yes, for example the fact that men do not handshake women",THe head shake in the meaning of yes,,8/3/2018 2:12:38,6 / 7,Indians tend to always say “Yes” to avoid conflicts but can change their mind afterwards.,Personal matters or anything that might be considered overly intrusive,They respect all religions as an integrated part of the country,"Insulted, since the family concept in India is secret and stands in 4 priority","Depends, with younger generation you can be more open about the topic",Try to avoid talking about it since it may lead to an emotional debate,"Hierarchical working manner, the boss at work has the 4est priority, same reflects to relationship in the university between staff members as professors or other employees or students",Continue,,8/3/2018 2:17:49,3 / 7,The society encourage women to handshake in order to be polite,"To confirm the other person you agree with him or ""yes""",They will laugh in a friendly way and will wait to express themselves about another topic,"A short eye contact is possible, a teacher is a respectful person and as such you should not stare at him","Indirect communication, they will answer question in a polite way","Some students may use their body to indicate that it is all clear to them, although they might not acknowledged everything",Point out with your chin since pointing finger is not polite,Continue,Continue
China,Female,23-26,22,26,4,4,0,4,3,-1,4,4,0,3,4,1,2,3,1,2,3,1,2,3,1,2,3,1,3,4,1,3,4,1,2,4,2,4,4,0,5,4,-1,3,4,1,3,3,5,4,4,3,4,4,It all depends on how I feel about the person,,3,4,2,4,4,4,2,4,2,4,3,4,3,3,4,"German don’t talk about their family or private things if they meet for the first time or if they are just acquaintances, otherwise it’s too strange.",French will touch the face with face between friends when they meet,,8/3/2018 19:25:40,4 / 7,Indians tend to always say “Yes” to avoid conflicts but can change their mind afterwards.,Personal matters or anything that might be considered overly intrusive,They believe in the concept of spirituality and no conflicts,"accept it peacefully, the modernization of India influence people to neglect their family","Depends, with younger generation you can be more open about the topic",Try to avoid talking about it since it may lead to an emotional debate,"Hierarchical working manner, the boss at work has the 4est priority, same reflects to relationship in the university between staff members as professors or other employees or students",Continue,,8/3/2018 19:31:52,6 / 7,Shaking hands with women  is not a common culture across India,"To confirm the other person you agree with him or ""yes""",People express their opinion after another person finished talking. They will pay attention just if it is interested for them,Eye contact is necessary to maintain a better understanding of the requirements needed,"Indirect communication, they will answer question in a polite way","Some students may use their body to indicate that it is all clear to them, although they might not acknowledged everything",Point out with your chin since pointing finger is not polite,Continue,Continue
Albania,Male,27-30,18,29,3,4,1,3,4,1,3,3,0,4,3,-1,3,3,0,4,4,0,3,4,1,3,4,1,3,4,1,3,4,1,4,3,-1,2,4,2,3,3,0,2,4,2,5,5,5,4,5,4,5,4,I will try to support him and to make efforts to understand his intentions,,3,1,2,4,3,2,1,3,3,2,2,4,3,4,3,i dont know,i dont know,,8/3/2018 20:58:24,2 / 7,None of them is correct,Personal matters or anything that might be considered overly intrusive,They believe in the concept of spirituality and no conflicts,"Insulted, since the family concept in India is secret and stands in 4 priority","Accepting, they see different points of view positively",None of the above,None of the fol2ing,Continue,,8/3/2018 21:39:03,5 / 7,Shaking hands with women  is not a common culture across India,"To confirm the other person you agree with him or ""yes""",People express their opinion after another person finished talking. They will pay attention just if it is interested for them,Eye contact is necessary to maintain a better understanding of the requirements needed,"Indirect communication, they will answer question in a polite way","Some students may use their body to indicate that it is all clear to them, although they might not acknowledged everything",Whistle in the ears the name of the other person,Continue,Continue
India,Male,27-30,27,31,1,3,2,4,4,0,4,4,0,2,4,2,3,3,0,2,4,2,2,4,2,1,4,3,3,4,1,3,4,1,1,3,2,4,3,-1,3,3,0,4,4,0,3,1,3,3,4,3,4,3,I will try to support him and to make efforts to understand his intentions,,4,3,1,3,3,3,1,1,1,1,3,4,4,3,3,"Not really, I am an Indian",Not really,,8/4/2018 14:58:09,3 / 7,"A “No” is impolite, therefore answer as “I'll try” or “We'll see” are more expected",Personal matters or anything that might be considered overly intrusive,There are too many religions in India to talk about,"Insulted, since the family concept in India is secret and stands in 4 priority","Depends, with younger generation you can be more open about the topic",People would be happy to talk about it as long as you won’t criticize or will be diplomatic,"Hierarchical working manner, the boss at work has the 4est priority, same reflects to relationship in the university between staff members as professors or other employees or students",Continue,,8/4/2018 15:00:41,2 / 7,Shaking hands with women  is not a common culture across India,the person who moves his head has pain in the neck,People express their opinion after another person finished talking. They will pay attention just if it is interested for them,"A short eye contact is possible, a teacher is a respectful person and as such you should not stare at him","Indirect communication, but still a straightforward answers","Some students may use their body to indicate that it is all clear to them, although they might not acknowledged everything",Point out simply with the fingers,Continue,Continue
Bangladesh,Male,23-26,12,26,5,4,-1,4,4,0,3,3,0,4,4,0,3,4,1,2,4,2,3,3,0,3,4,1,4,2,-2,4,4,0,4,3,-1,4,3,-1,4,4,0,4,4,0,5,4,4,4,4,3,3,4,I will try to support him and to make efforts to understand his intentions,,2,1,4,3,3,3,3,4,4,2,1,3,2,2,3,I knew all of them before this survey.,Nothing new.,,8/4/2018 20:32:11,2 / 7,None of them is correct,Personal matters or anything that might be considered overly intrusive,They believe in the concept of spirituality and no conflicts,None of the answers are correct,"Offended, Indians are proud of their country, legacy, traditions",People would be happy to talk about it as long as you won’t criticize or will be diplomatic,"Working as individuals and not in a team work, each one is in charge of his own duties",Continue,,8/4/2018 20:34:49,2 / 7,There are no religious restrictions and in the Hindu religion doesn’t consider a bad manner,"To confirm the other person you agree with him or ""yes""",They will laugh in a friendly way and will wait to express themselves about another topic,"A short eye contact is possible, a teacher is a respectful person and as such you should not stare at him","Indirect communication, they will answer question in a polite way","Some students may use their body to indicate that it is all clear to them, although they might not acknowledged everything",Point out simply with the fingers,Continue,Continue
India,Male,over 30,25,33,4,4,0,3,3,0,4,5,1,4,2,-2,2,1,-1,3,3,0,4,5,1,1,5,4,4,1,-3,4,4,0,4,1,-3,5,5,0,5,3,-2,3,1,-2,5,5,5,5,5,1,3,4,It all depends on how I feel about the person,,4,3,5,2,1,1,2,1,1,1,1,4,2,1,5,Not many things as I am from the same culture,Nope ,,8/5/2018 23:11:28,4 / 7,"A “No” is impolite, therefore answer as “I'll try” or “We'll see” are more expected",Personal matters or anything that might be considered overly intrusive,There are too many religions in India to talk about,"Insulted, since the family concept in India is secret and stands in 4 priority","Depends, with younger generation you can be more open about the topic",Try to avoid talking about it since it may lead to an emotional debate,"Hierarchical working manner, the boss at work has the 4est priority, same reflects to relationship in the university between staff members as professors or other employees or students",Continue,,8/5/2018 23:13:17,0 / 7,"All Indians think the same , therefore the mindset doesn't differ from one another",To tell the other person “lets go”,They will laugh in a friendly way and will wait to express themselves about another topic,"People do not tend to pay attention to eye contact, it is just a minor issue","Indirect communication, but still a straightforward answers",He will answer the supervisor’s immediate for his all questions,Talk loudly the name of the other person,Continue,Continue
India,Female,27-30,24,28,4,4,0,3,3,0,4,3,-1,3,3,0,2,2,0,3,3,0,3,3,0,2,3,1,3,3,0,4,4,0,3,3,0,4,4,0,4,4,0,4,4,0,5,4,5,4,3,3,3,5,It all depends on how I feel about the person,,2,4,3,4,4,5,2,3,3,2,3,4,2,3,3,Not really ,Speak your mind without hesitation ,,8/6/2018 15:47:33,4 / 7,Indians tend to give a long explanation before they give an answer instead of a clear answer.,Asking about differences between the languages in India and Pakistan,They respect all religions as an integrated part of the country,"Insulted, since the family concept in India is secret and stands in 4 priority","Accepting, they see different points of view positively",Try to avoid talking about it since it may lead to an emotional debate,"Hierarchical working manner, the boss at work has the 4est priority, same reflects to relationship in the university between staff members as professors or other employees or students",Continue,,8/6/2018 15:50:20,2 / 7,There are no religious restrictions and in the Hindu religion doesn’t consider a bad manner,"To confirm the other person you agree with him or ""yes""",They do not mind to keep non politically correct guidelines and will talk straight forward,"People do not tend to pay attention to eye contact, it is just a minor issue","Indirect communication, they will answer question in a polite way",He will answer the supervisor’s immediate for his all questions,Talk loudly the name of the other person,Continue,Continue
Germany,Female,over 30,27,33,5,5,0,5,5,0,4,5,1,4,4,0,3,4,1,3,4,1,4,5,1,3,4,1,2,4,2,4,4,0,2,3,1,3,4,1,2,3,1,4,4,0,5,3,5,5,5,3,4,4,I will try to support him and to make efforts to understand his intentions,,4,3,2,5,4,5,2,4,2,4,1,4,4,4,4,"It is interesting to understand different backgrounds of thinking and the meaning/ importance of it.  F.e. religious issues, direct/indirect speech. ","personal approach, distance between people in conversation ",,8/7/2018 10:16:52,4 / 7,"A “No” is impolite, therefore answer as “I'll try” or “We'll see” are more expected",Personal matters or anything that might be considered overly intrusive,There are too many religions in India to talk about,"Insulted, since the family concept in India is secret and stands in 4 priority","Depends, with younger generation you can be more open about the topic",Try to avoid talking about it since it may lead to an emotional debate,"Hierarchical working manner, the boss at work has the 4est priority, same reflects to relationship in the university between staff members as professors or other employees or students",Continue,,8/7/2018 10:21:23,3 / 7,There are no religious restrictions and in the Hindu religion doesn’t consider a bad manner,"To confirm the other person you agree with him or ""yes""",They will laugh in a friendly way and will wait to express themselves about another topic,"A short eye contact is possible, a teacher is a respectful person and as such you should not stare at him","Indirect communication, they will answer question in a polite way",He will answer the supervisor’s immediate for his all questions,Point out with your chin since pointing finger is not polite,Continue,Continue
India,Female,23-26,26,26,2,3,1,4,2,-2,3,3,0,3,3,0,2,3,1,2,4,2,2,4,2,4,4,0,1,2,1,3,4,1,2,4,2,3,4,1,2,3,1,3,4,1,1,4,4,4,4,2,2,4,I will try to support him and to make efforts to understand his intentions,,2,3,3,4,4,4,2,2,2,2,1,4,4,3,4,No,Yes,,8/7/2018 15:53:55,2 / 7,Indians tend to give a long explanation before they give an answer instead of a clear answer.,Personal matters or anything that might be considered overly intrusive,They focus more on work than the religion,"accept it peacefully, the modernization of India influence people to neglect their family","Depends, with younger generation you can be more open about the topic",None of the above,"Hierarchical working manner, the boss at work has the 4est priority, same reflects to relationship in the university between staff members as professors or other employees or students",Continue,,8/7/2018 15:58:45,3 / 7,Shaking hands with women  is not a common culture across India,"To confirm the other person you agree with him or ""yes""",Indians will interrupt someone  during a conversation if they have something important to express,Eye contact is necessary to maintain a better understanding of the requirements needed,"Direct communication, first  they will hear what you want to say and then will response directly",He will answer the supervisor’s immediate for his all questions,Talk loudly the name of the other person,Continue,Continue
Germany,Male,over 30,32,32,3,4,1,5,5,0,4,4,0,4,4,0,2,4,2,4,4,0,4,4,0,1,4,3,4,4,0,4,4,0,4,4,0,4,4,0,4,4,0,4,4,0,3,4,5,5,5,2,3,2,It all depends on how I feel about the person,,4,1,2,2,2,2,2,3,1,2,1,4,3,3,4,There seem to be quite more taboos than I expected.,No,,8/7/2018 20:07:06,3 / 7,Indians tend to give a long explanation before they give an answer instead of a clear answer.,Personal matters or anything that might be considered overly intrusive,There are too many religions in India to talk about,"Insulted, since the family concept in India is secret and stands in 4 priority","Depends, with younger generation you can be more open about the topic",After getting into a good mood you can talk about everything,"Hierarchical working manner, the boss at work has the 4est priority, same reflects to relationship in the university between staff members as professors or other employees or students",Continue,,8/7/2018 20:12:25,2 / 7,Shaking hands with women  is not a common culture across India,"To confirm the other person you agree with him or ""yes""",They will laugh in a friendly way and will wait to express themselves about another topic,"A short eye contact is possible, a teacher is a respectful person and as such you should not stare at him","Indirect communication, but still a straightforward answers","Some students may use their body to indicate that it is all clear to them, although they might not acknowledged everything",Point out simply with the fingers,Continue,Continue
India,Female,23-26,23,25,2,5,3,1,2,1,1,4,3,4,1,-3,5,2,-3,2,4,2,3,3,0,3,2,-1,4,3,-1,4,4,0,5,4,-1,5,5,0,5,5,0,4,5,1,4,5,5,4,3,4,4,4,I will try to support him and to make efforts to understand his intentions,,4,4,2,5,3,5,3,5,2,4,3,5,3,1,4,shaking hands with women,pointing someone with your chin,,8/14/2018 12:52:06,2 / 7,"A “No” is impolite, therefore answer as “I'll try” or “We'll see” are more expected",Laughing about Indian movies,There are too many religions in India to talk about,None of the answers are correct,"Depends, with younger generation you can be more open about the topic",Try to avoid talking about it since it may lead to an emotional debate,"Hierarchical working manner, the boss at work has the 4est priority, same reflects to relationship in the university between staff members as professors or other employees or students",Continue,,8/14/2018 12:54:46,3 / 7,There are no religious restrictions and in the Hindu religion doesn’t consider a bad manner,"To confirm the other person you agree with him or ""yes""",They will laugh in a friendly way and will wait to express themselves about another topic,Eye contact is just important if there are is something important,"Indirect communication, they will answer question in a polite way",Indians may answer some of the questions but the question late or maybe not at all.,Point out simply with the fingers,Continue,Continue